ID #,PFD Page,Organization Name,"City, State",Organization Type,Position Held,From,To
1,2,4 Shadow Tree Lane LLC,"New York, NY",LLC,President,9/26/2012,1/19/2017
2,2,4 Shadow Tree Lane Member Corp,"New York, NY",Corporation,President/Director/Chairman,9/26/2012,1/19/2017
3,2,40 Wall Development Associates LLC,"New York, NY",LLC,Member & President,4/11/95 & 8/11/03,1/19/2017
4,2,40 Wall Street Commercial LLC,"New York, NY",LLC,President,8/27/2009,1/19/2017
5,2,40 Wall Street LLC,"New York, NY",LLC,President,4/23/1998,1/19/2017
6,2,40 Wall Street Member Corp,"New York, NY",Corporation,Presideni/Director,4/29/1998,1/19/2017
7,2,3126 Corporatron,"New York, NY",Corporation,President/Director,6/1/1999,1/19/2017
8,2,401 Mezz Venture LLC,"New York, NY",LLC,President,10/1/2004,1/19/2017
9,2,401 North Wabash Venture LLC,"New York, NY",LLC,Member & President,5/22/02 & 10/1/04,1/19/2017
12,2,809 North Canon LLC,"New York, NY",LLC,President,12/13/2006,1/19/2017
13,2,809 North Canon Member Corp,"New York, NY",Corporation,President/Director,12/13/2006,1/19/2017
14,2,81 Pine Note Holder Inc,"New York, NY",Corporation,President/Director/Secretary,6/30/1999,1/19/2017
15,2,Aviation Payroll Company,"New York, NY",Corporation,President/Director/Secretary,8/9/2012,1/19/2017
16,2,B Plaza Realty Corp,"New York, NY",Corporation,Director/President,7/14/1981,11/10/2016
17,2,Bedford Hills Corp,"New York, NY",Corporation,Director & President/Treasurer/Secretary,8/3/1995 & 4/16/96,1/19/2017
18,2,Briar Hall Operatlons LLC,"New York, NY",LLC,Member,1/9/1997,1/19/2017
19,2,Briarcliff Properties,"New York, NY",Corporation,Director & President/Treasurer/Secretary,1/17/1996 & 4/16/96,1/19/2017
20,2,Carlbusiness MRE LLC,"New York, NY",LLC,Member,3/13/2013,1/19/2017
21,2,The Caribusiness RE Corp,"New York, NY",Corporation,Director/Chairman/President,3/12/2015,1/19/2017
22,2,Chelsea Hall LLC,"New York, NY",LLC,Member,11/22/1995,1/19/2017
23,2,Chicago Unit Acquisition LLC,"New York, NY",LLC,Member/President,12/15/2005,1/19/2017
24,2,China Trademark LLC,"New York, NY",LLC,Member/President,6/17/2008,1/19/2017
25,2,Coronet Hall Inc,"New York, NY",Corporation,Director/Vice President,8/1/1969,1/19/2017
26,2,Development Member Inc,"New York, NY",Corporation,President/Secretary & Director,10/24/1996 & 11/4/96,1/19/2017
27,2,D B Pace Acquisition LLC,South Carolina,LLC,Member/President,11/12/2014,1/19/2017
28,2,D B Pace Accquisition Member Corp,"NewYork, NY",Corporation,Chairman/President/Director,11/7/2014,1/19/2017
29,2,DJT Aerospace LLC,"Atlantic Citv, NJ",LLC,Member/President,6/2/2010,1/19/2017
30,2,DJ Aerosoace Bermuda Limited,Bermuda,Foreign Corporation,President/Director,3/9/1994,1/19/2017
31,2,DJT Entrepreneur Managing Member LLC (f/k/a DJT University Managing Member LLC),"New York, NY",LLC,Member & President,10/25/2004,1/19/2017
32,2,DJT Entreoreneur Member LLC (f/k/a DJT Universltv Member LLC),"New York, NY",LLC,Member & President,10/25/2004,1/19/2017
33,2,DJT Holdings LLC,"New York, NY",LLC,Member & President,11/29/2010 & 12/2/2010,1/19/2017
34,2,DJT Holdings Managing Member LLC,"New York, NY",LLC,Member & President,12/2/2010,1/19/2017
35,2,DJT Land Holdings Member Corp,"New York, NY",Corporation,President/Director,1/16/2012,1/19/2017
36,2,DJT Operations I LLC,"Palm Beach, Fiortda",LLC,Member/President,7/15/2010,1/19/2017
37,2,DJT Operatlons II LLC,Palm Beach Flortda,LLC,Member/President,7/15/2010,1/19/2017
38,2,DJT Operations CX LLC,"Waterbury, CT",LLC,Member/President,9/12/2012,1/19/2017
39,2,DSN Licensing LLC (fka Trump Marks Networks LLC),"New York, NY",LLC,Member/President,2/26/2009,1/19/2017
40,2,DSN Licensing Member Corp (fka Trump Marks Network Member Inc),"New York, NY",Corporation,Director/Chairman & President,1/14/2009 &2/26/09,1/19/2017
41,2,DT APP Warrant Holding LLC,"New York, NY",LLC,Member/President,3/2/2012,1/19/2017
42,2,DT APP Warrant Holding Managing Member Corp,"New York, NY",Corporation,Dlrector/Chairman/President,3/2/2012,1/19/2017
43,2,DT Connect II LLC,Palm Beach Florida,LLC,Member/President,7/31/2014,1/19/2017
44,2,DT Connect II Member Corp,Palm Beach Florida,Corporation,Director/Chairman/President,7/31/2014,1/19/2017
45,2,DT Connect LLC,Palm Beach Florida,LLC,Member/President,2/27/2012,10/26/2015
46,2,DT Connect Managing Member Corp,Palm Beach Florida,Corporation,Director/Chairman/President,2/27/2012,10/22/2015
47,2,DT Dubai Golf Manager LLC,"New York, NY",LLC,Member/President,3/20/2013,1/19/2017
48,2,DT Dubai Golf Manager Member Corp,"New York, NY",Corporation,Director/Chairman/President,3/20/2013,1/19/2017
49,3,DT Dubai II Golf Manager LLC,"New York, NY",LLC,Member/President,10/30/2014,1/19/2017
50,3,DT Dubai II Golf Member Corp,"New York, NY",Corporation,Director/Chairman/President,10/30/2014,1/19/2017
51,3,DT Home Marks International LLC,"New York, NY",LLC,Member/President,7/12/2013,1/19/2017
52,3,DT Home Marks International Member Corp,"New York, NY",Corporation,Director/Chairman/President,7/12/2013,1/19/2017
53,3,DT India Venture LLC,"New York, NY",LLC,Member/President,1/9/2012,1/19/2017
54,3,DT India Venture Managing Member Corp,"New York, NY",Corporation,Director/Chairman/President,1/9/2012,1/19/2017
55,3,DT Marks Baku LLC,"New York, NY",LLC,Member/President,4/10/2012,1/19/2017
56,3,DT Marks Baku Managing Member Corp,"New York, NY",Corporation,Director/Chairman/President,4/10/2012,1/19/2017
57,3,DT Marks Dubai LLC,"New York, NY",LLC,Member/President,9/5/2013,1/19/2017
58,3,DT Marks Dubai Member Corp,"New York, NY",Corporation,Director/Chairman/President,9/5/2013,1/19/2017
59,3,DT Marks Dubai II LLC,"New York, NY",LLC,Member/President,10/30/2014,11/20/2015
60,3,DT Marks Dubai II Member Corp,"New York, NY",Corporation,Director/Chairman/President,10/30/2014,11/20/2015
61,3,DT Marks Gurgaon LLC,"New York, NY",LLC,Member/President,10/28/2014,1/19/2017
62,3,DT Marks Gurgaon Managing Member Corp,"New York, NY",Corporation,Director/Chairman/President,10/30/2014,1/19/2017
63,3,DT Marks Jersey City LLC,"New York, NY",LLC,Member/President,10/30/2014,1/19/2017
64,3,DT Marks Jupiter LLC,"New York, NY",LLC,Member/President,8/29/2014,1/19/2017
65,3,DT Marks Qatar LLC,"New York, NY",LLC,Member/President,10/30/2014,1/19/2017
66,3,DT Marks Qatar Member Corp,"New York, NY",Corporation,Director/Chairman/President,10/30/2014,1/19/2017
67,3,DT Marks Products International LLC,"New York, NY",LLC,Member/President,9/13/2013,1/19/2017
68,3,DT Marks Products International Member Corp,"New York, NY",Corporation,Director/Chairman/President,9/13/2013,1/19/2017
69,3,DT Marks Pune LLC,"New York, NY",LLC,Member/President,1/9/2012,1/19/2017
70,3,DT Marks Pune Managing Member Corp,"New York, NY",Corporation,Director/Chairman/President,1/9/2012,1/19/2017
71,3,DT Marks Pune II LLC,"New York, NY",LLC,Member/President,6/18/2014,1/19/2017
72,3,DT Marks Pune II Managing Member Corp,"New York, NY",Corporation,Director/Chairman/President,6/16/2014,1/19/2017
73,3,DT Marks Rio LLC,"New York, NY",LLC,Member/President,3/9/2012,1/19/2017
74,3,DT Marks Rio Member Corp,"New York, NY",Corporation,Director/Chairman/President,3/9/2012,1/19/2017
75,3,DT Marks Vancouver LP,"New York, NY",Partnership,Partner/President,1/22/2013,1/19/2017
76,3,DT Marks Vancouver Managing Corp,"New York, NY",Corporation,Director/Chairman/President,1/22/2013,1/19/2017
77,3,DT Marks Worli LLC,"New York, NY",LLC,Member/President,5/21/2013,1/19/2017
78,3,DT Marks Worli Member Corp,"New York, NY",Corporation,Director/Chairman/President,5/21/2013,1/19/2017
79,3,DT Tower Gurgaon LLC,"New York, NY",LLC,Member/President,3/9/2015,1/19/2017
80,3,DT Tower Gurgaon Managing Member Corp,"New York, NY",Corporation,Director/Chairman/President,3/9/2015,1/19/2017
81,3,DTW Venture LLC,"New York, NY",LLC,Member,3/14/2014,1/19/2017
82,3,DTW Venture Managing Member Corp,"New York, NY",Corporation,Director/President,3/14/2014,1/19/2017
83,3,The East 61 St Co LP,"New York, NY",Partnership,Partner,12/6/1996,1/19/2017
84,3,EID Venture I LLC,"New York, NY",LLC,Member,5/1/2013,1/19/2017
85,3,EID Venture I Corporation,"New York, NY",Corporation,President/Director,5/1/2013,1/19/2017
86,3,Excel Venture I LLC,St Martin,LLC,President/Secretary/Treasurer/Member,7/1/2013,1/19/2017
87,3,Excel Venture I Corp,St Martin,Corporation,Director/Chairman/President,7/1/2013,1/19/2017
88,3,Fifty Seven Management Corp,"New York, NY",Corporation,Director/Chairman,8/23/2012,1/19/2017
89,3,Fifty Seventh Street Associates LLC,"New York, NY",LLC,President,11/30/1995,1/19/2017
90,3,First Member Inc,"New York, NY",Corporation,President,9/26/1996,1/19/2017
91,3,Flights Inc (Formerly Trump Flights Inc),"New York, NY",Corporation,President/Treasurer/Director,7/1/1999,1/19/2017
92,3,Florida Properties Management,Palm Beach Florida,LLC,Member,12/17/2001,1/19/2017
93,3,Fontainbleu Apartments LLC,"New York, NY",LLC,Member,11/22/1995,1/19/2017
94,3,Golf Productions LLC,"New York, NY",LLC,Member/President,6/16/2009,1/19/2017
95,4,Golf Productions Member Corp,"New York, NY",Corporation,President/Director/Chairman,6/16/2009,1/19/2017
96,4,Golf Recreation Scotland Limited,"Tumberry, Scotland",Foreign Entity,Director,4/16/2014,1/19/2017
97,4,Hellcorrler Air Services Inc,"New York, NY",Corporation,President,8/16/1988,1/19/2017
98,4,Highlander Hall Inc,"New York, NY",Corporation,Director/Vice President,8/1/1969,10/15/2015
107,4,Indian Hills Holdings LLC (f/k/a Indian Hills Development LLC),"New York, NY",LLC,Member/President,2/5/1998 & 8/2000,1/19/2017
108,4,Jupiter Golf Club LLC (Trump National Golf Club - Jupiter),"New York, NY",LLC,President,9/28/2012,1/19/2017
109,4,Jupiter Golf Club Managing Member Corp,"New York, NY",Corporation,President/Director/Chainnan,9/28/2012,1/19/2017
110,4,Lamington Family Holdings LLC,"New York, NY",LLC,President/Member,7/7/2011 & 7/16/2011,1/19/2017
111,4,Lawrence Towers Apartments LLC,"New York, NY",LLC,Member,11/22/1995,1/19/2017
112,4,LFB Acquisition LLC,"New York, NY",LLC,President,8/29/2002,1/19/2017
113,4,LFB Acquisition Member Corp,"New York, NY",Corporation,President/Director/Chairman,11/9/2011,1/19/2017
114,4,Mar A Lago Club Inc,Palm Beach Florida,Corporation,President/Treasurer/Secretary,4/16/1996,1/19/2017
115,4,Mar A Lago Club LLC,"New York, NY",LLC,Member/President,1/14/2010,1/19/2017
116,4,Midland Associates,"New York, NY",Partnership,Partner,6/15/1988,1/19/2017
117,4,Miss Universe LP LLLP (Formerly Trump Pagents),"New York, NY",Partnership,Partner,Oct-96,1/19/2017
118,4,Nitto Wortd Co Limited,"Turnberry, Scotland",Foreign Entity,Director,6/11/2014,1/19/2017
119,4,Ocean Development Member Inc,"New York, NY",Corporation,President/Director,3/8/2007,1/19/2017
120,4,Ocean Development Services LLC,"New York, NY",LLC,Member,3/8/2007,10/28/2015
121,4,OPO Hotel Manaaer LLC,"New York, NY",LLC,President,6/12/2013,1/19/2017
122,4,OPO Hotel Manacier Member Coro,"New York, NY",Corporation,Director/Chairman/President,6/12/2013,1/19/2017
123,4,OWO Developer LLC,"New York, NY",LLC,President/Member,11/5/2014,1/19/2017
124,4,Panama Ocean Club Management LLC,"New York, NY",LLC,Member/President,8/5/2010,1/19/2017
125,4,Panama Ocean Club Management Member Corp,"New York, NY",Corporation,President/Chairman/Director,8/5/2010,1/19/2017
126,4,Paramount RPV Holdlnas LLC,"New York, NY",LLC,Member/President,11/7/2011 & 1/3/13,10/14/2016
127,4,Paramount RPV Holdlnas Manager Corp,"New York, NY",Corporation,President/Director/Chairman,1/3/2013,10/14/2016
128,4,Parc Consulting Inc,"New York, NY",Corporation,President/Director/Secretary,6/1/1999,1/19/2017
129,4,Park Briar Associates,"New York, NY",Partnership,Partner,6/24/1969,1/19/2017
130,4,Pine Hill Development Manging Member Corp,"New York, NY",Corporation,Director & Chairman/President,4/19/14 & 4/15/14 & 4/15/14,1/19/2017
131,4,Pine Hill Development LLC,"New York, NY",LLC,President/Director/Chairman,4/15/2014,1/19/2017
132,4,Plaza Consulting Corp,"New York, NY",Corporation,President,10/22/1986,1/19/2017
133,4,Poker Venture LLC,"New York, NY",LLC,Member/President,3/19/2012,1/19/2017
134,4,Poker Venture Managing Member Corp,"New York, NY",Corporation,Director/President/Chairman,3/19/2012,1/19/2017
135,4,Reg Tru Equities LTD,"New York, NY",Corporation,Director/President/Secretary/Treasurer,8/7/90 & 8/26/77,1/19/2017
136,4,RPV Development LLC,"New York, NY",LLC,Member/President,8/6/2002,1/19/2017
137,4,Scotland Acquisitions LLC,"New York, NY",LLC,Member/President,3/21/2006,1/19/2017
138,4,Sentient Jets LLC (Now/Known/As Trump Jets LLC),"New York, NY",LLC,Member,9/25/2008,11/9/2016
139,4,Sentient Jets Member Corp,"New York, NY",Corporation,President/Director,9/25/2008,11/9/2016
140,4,Seven Springs LLC,"New York, NY",LLC,President,12/1/1995,1/19/2017
142,4,Shore Haven Apt#1 lnc,"New York, NY",Corporation,Director/Vice President,8/1/1969,1/19/2017
143,4,Shore Haven Shopping Center LLC,"New York, NY",LLC,Member,11/22/1995,1/19/2017
144,4,SLC Turnbberry Limited (Trump Turnberry),"Turnberry, Scotland",Foreign Entity,Director/Chairman,6/11/2014,1/19/2017
147,4,Sussex Hall Inc,"New York, NY",Corporation,Director/Vice President,8/1/1969,1/19/2017
148,4,Restaurant 40 LLC,"New York, NY",LLC,Member/President,12/21/2011 & 12/24/11,11/9/2016
149,4,Restaurant 40 Member Corp,"New York, NY",Corporation,President/Director/Chairman/Treasurer/Secretary,12/24/2011,11/9/2016
150,4,T International Really LLC (dba Trump International Realty),"New York, NY",LLC,Member/President,9/12/2012,1/19/2017
151,4,Tag Air Inc,"New York, NY",Corporation,President/Director,8/24/2010,1/19/2017
153,5,THC Baku Hotel Manager Services LLC,"New York, NY",LLC,President/Member,12/19/2014,1/19/2017
154,5,THC Baku Hotel Manager Services Member Corp,"New York, NY",Corporation,Director/Chairman/President,12/19/2014,1/19/2017
155,5,THC Baku Services LLC,"New York, NY",LLC,Member/President,12/10/2014,1/19/2017
156,5,THC Baku Seivices Member Corp,"New York, NY",Corporation,Director/Chairman/President,12/10/2014,1/19/2017
157,5,THC Barra Holelaria LTDA,Brazil,Foreign Entity,Member,4/15/2014,1/19/2017
158,5,THC Central Reservations LLC,"New York, NY",LLC,Member/President,9/16/2013,1/19/2017
159,5,THC Central Reservations Member Corp,"New York, NY",Corporation,Chairman/Director/President,9/16/2013,1/19/2017
160,5,THC China Development LLC (fka Trump China Development LLC),"New York, NY",LLC,President,2/20/2012,1/19/2017
162,5,THC Development Brazil Managing Member Corp,"New York, NY",Corporation,Chairman/Director/President,5/15/2013,1/19/2017
163,5,THC Development Brazil LLC,"New York, NY",LLC,Member/President,5/15/2013,1/19/2017
164,5,THC Dubai II Hotel Manager LLC,"New York, NY",LLC,Member/President,10/30/2014,11/20/2015
165,5,THC Dubai II Hotel Manager Member Corp,"New York, NY",Corporation,Chairman/Director/President,10/30/2014,11/20/2015
166,5,THC Hotel Development LLC,"New York, NY",LLC,Member/President,10/11/2012,1/19/2017
167,5,THC IMEA Development LLC,"New York, NY",LLC,President,1/16/2012,1/19/2017
168,5,THC Miami Restaurant Hospitality Member Corp,"New York, NY",Corporation,Chairman/Director/President,2/1/2013,1/19/2017
169,5,THC Miami Restaurant Hospitality LLC,"New York, NY",LLC,Member/President,2/1/2013,1/19/2017
170,5,THC Rio Managing Member Corp,"New York, NY",Corporation,Chairman/Director/President,4/11/2013,1/19/2017
171,5,THC Rio Manager LLC,"New York, NY",LLC,Member/President,4/11/2013,1/19/2017
172,5,THC Sales & Marketing LLC,"New York, NY",LLC,Member/President,9/17/2013,1/19/2017
173,5,THC Sales & Marketing Member Corp,"New York, NY",Corporation,Chairman/Director/President,9/17/2013,1/19/2017
174,5,THC China Technical Services Manager Corp,"New York, NY",Corporation,Chairman/Director/President,5/16/2014,1/19/2017
175,5,THC China Technical Services LLC,"New York, NY",LLC,Member/President,5/16/2014,1/19/2017
176,5,THC Qatar Hotel Manager LLC,"New York, NY",LLC,Member/President,10/30/2014,1/19/2017
177,5,THC Qatar Hotel Manager Member Corp,"New York, NY",Corporation,Chairman/Director/President,10/30/2014,10/18/2016
178,5,THC Services Shenzhen LLC,"New York, NY",LLC,Member/President,11/25/2014,1/19/2017
179,5,THC Services Shenzhen Member Com,"New York, NY",Corporation,Chairman/Director/President,11/25/2014,1/19/2017
180,5,THC Shenzhen Hotel Manager LLC,"New York, NY",LLC,Member/President,11/25/2014,1/19/2017
181,5,THC Shenzhen Hotel Manager Member Corp,"New York, NY",Corporation,Chairman/Director/President,11/25/2014,1/19/2017
182,5,THC Vancouver Management Corp,"New York, NY",Corporation,Chairman/Director/President,1/23/2013,1/19/2017
183,5,THC Vancouver Payroll ULC,"British Columbia, Canada",,Director/President,2/20/2015,1/19/2017
184,5,THC Venture I LLC,"New York, NY",LLC,Member/President,3/14/2014,1/19/2017
185,5,THC Venture II LLC,"New York, NY",LLC,Member/President,3/14/2014,1/19/2017
186,5,THC Venture III LLC N/K/A TTTT Vetnure LLC,"New York, NY",LLC,President,10/27/2014,1/19/2017
187,5,THC Venture I Managing Member Corp,"New York, NY",Corporation,Chairman/Director/President,3/14/2014,1/19/2017
188,5,THC Venture II Managing Member Corp,"New York, NY",Corporation,Chairman/Director/President,3/14/2014,1/19/2017
189,5,THC Venture Ill Member Corp - N/K/A TTTT Venture Member Corp,"New York, NY",Corporation,Chairman/Director/President,10/27/2014,1/19/2017
190,5,The Donald J Trump Foundation Inc,"New York, NY",Non Profit,Director,2/18/1987,1/19/2017
191,5,The Trump Corporation,"New York, NY",Corporation,Director/President/Chairman,7/30/1980,1/19/2017
192,5,The Trump Follies Member Inc,"New York, NY",Corporation,Chairman/Director/President,12/13/2010,1/19/2017
193,5,The Trump Equitable Fifth Avenue Company,"New York, NY",Partnership,Partner,1/30/1980,1/19/2017
194,5,TIGL Common Area Management Corp,"New York, NY",Corporation,President/Director,2/21/2014,1/19/2017
195,5,TIGL Common Area Management Holdings LLC,"New York, NY",LLC,Member/President,2/21/2014,12/30/2015
196,5,TIGL Ireland Enterprises Limited (Trump International Golf Links - Doonberg),"Doonberg, Ireland",Foreign Entity,Director/President,2/24/2014,1/19/2017
197,5,TIGL Ireland Management Limited,"Doonberg, Ireland",Foreign Entity,President/Director,2/24/2014,1/19/2017
198,5,TIHC Reservations LLC,"New York, NY",LLC,Member/President,8/9/2010,1/19/2017
199,5,TIHH Member Corp,"New York, NY",Corporation,President/Director,9/10/2009,1/19/2017
200,6,TIHH Member LLC,"New York, NY",LLC,Member/President,9/10/2009,1/19/2017
201,6,TIHM Member Corp,"New York, NY",Corporation,President/Director,8/13/2006,1/19/2017
202,6,TIHT Chicago Member Acquisition LLC,"New York, NY",LLC,President,6/3/2004,1/19/2017
203,6,TIHT Commercial LLC,"New York, NY",LLC,Member/President,12/30/1998,1/19/2017
204,6,TIHT Holdlng Company LLC,"New York, NY",LLC,Member/President,1/18/2005,1/19/2017
205,6,TIHT Member LLC,"New York, NY",LLC,Member/President,7/20/2006,1/19/2017
206,6,Tipperary Realty Corp,"New York, NY",Corporation,President/Treasurer/Director,11/13/1975,1/19/2017
207,6,TMG Member LLC,"New York, NY",LLC,Member,1/15/1999,1/19/2017
208,6,TNGC Charlotte LLC,"New York, NY",LLC,President,10/20/2011,1/19/2017
209,6,TNGC Charlotte Manager Corp,"New York, NY",Corporation,President/Chairman/Director,10/20/2011,1/19/2017
210,6,TNGC Dutchess County LLC (fka Trump Marks Classic Cars LLC),"New York, NY",LLC,President,11/17/2009,1/19/2017
211,6,TNGC Dutchess County Member Corp (fka Trump Marks Classic Cars Member Corp),"New York, NY",Corporation,President/Chairman/Director,11/17/2009,1/19/2017
212,6,TNGC Jupiter Management LLC,"New York, NY",LLC,President,6/26/2014,1/19/2017
213,6,TNGC Jupiter Managing Member Corp,"New York, NY",Corporation,President/Chairman/Director,6/26/2014,1/19/2017
214,6,TNGC Pine Hill LLC (fka Crest Court LLC) (Trump National Golf Club - Philadelphia),"New York, NY",LLC,President,11/17/2009,1/19/2017
215,6,TNGC Pine Hill Member Corp (fka Crest Court Member Corp),"New York, NY",Corporation,President/Chairman/Director,11/17/2009,1/19/2017
216,6,Toronto Development LLC,"New York, NY",LLC,Member/President,6/28/2001,1/19/2017
217,6,TP CFD LLC,"New York, NY",LLC,Member/President,11/28/2012,10/18/2016
218,6,TP CFD Manager Corp,"New York, NY",Corporation,President/Chairman/Director,11/28/2012,10/18/2016
219,6,Travel Enterprises Management Inc (Formerly Toys at Trump Inc),"New York, NY",Corporation,President/CEO,3/24/1986,1/19/2017
220,6,Trump 106 CPS LLC,"New York, NY",LLC,Member/President,3/28/1997,1/19/2017
223,6,Trump 845 LP LLC,"New York, NY",LLC,Member/President,9/19/2003,1/19/2017
224,6,Trump 845 UN GP LLC,"New York, NY",LLC,Member/President/Treasurer,8/20/1997,1/19/2017
225,6,Trumo845 UN MGR Corp,"New York, NY",Corporation,President,10/14/1998,1/19/2017
226,6,Trump 845 UN MGR LLC (F/K/A 845 UN LLC),"New York, NY",LLC,President/Treasurer/Member,5/14/1997,1/19/2017
227,6,Trump AC Casino Marks LLC,"New York, NY",LLC,President/Member,8/3/2010,1/19/2017
228,6,Trump AC Casino Marks Member Corp,"New York, NY",Corporation,President/Chairman/Director,8/3/2010,1/19/2017
229,6,Trump Acquisition Corp,"New York, NY",Corporation,President/Chairman/Director,2/6/2008,1/19/2017
230,6,Trump Acquisition LLC,"New York, NY",LLC,Member/President,2/6/2008,1/19/2017
231,6,Trump Books LLC,"New York, NY",LLC,Member/President,10/3/2011,1/19/2017
232,6,Trump Books Manager Corp,"New York, NY",Corporation,President/Chairman/Director,10/3/2011,1/19/2017
233,6,Trump Brazil LLC,"New York, NY",LLC,President/Member,9/8/2003,1/19/2017
234,6,Trump Briarcliff Manor Development LLC (formerly Briar Hall Development LLC),"New York, NY",LLC,President,3/4/1996,1/19/2017
235,6,Trump Canadian Services Inc,"New York, NY",Corporation,President/Secretary,3/3/2016,1/19/2017
236,6,Trump Canouan Estate LLC,"New York, NY",LLC,President/Member,12/19/2007,1/19/2017
237,6,Trump Canouan Estate Member Corp,"New York, NY",Corporation,President/Chairman/Director,12/19/2007,1/19/2017
238,6,Trump Caribbean LLC,"New York, NY",LLC,Member,8/27/2001,1/19/2017
239,6,Trump Carousel LLC,"New York, NY",LLC,President/Member,2/18/2010,1/19/2017
240,6,Trump Carousel Member Corp,"New York, NY",Corporation,President/Chairman/Director,2/18/2010,1/19/2017
241,6,Ace Entertainment Holdings Inc (f/ka Trump Casinos Inc & Formerly Trum Taj Mahal Inc),"Atlantic City, NJ",Corporation,Chairrnan/Treasurer,8/3/1988,1/19/2017
242,6,Trump Central Park West Corp,"New York, NY",Corporation,President,September-94,1/19/2017
243,6,Trump Chicago Commercial Member Corp,"New York, NY",Corporation,President/Chairman/Director,7/8/2010,1/19/2017
244,6,Trump Chicago Commercial Manager LLC,"New York, NY",LLC,President/Member,6/28/2010,1/19/2017
245,6,Trump Chicago Development LLC,"New York, NY",LLC,President/Member,12/26/2001,1/19/2017
246,6,Trump Chicago Hotel Manager LLC,"New York, NY",LLC,President/Chairman/Director,7/8/2010,1/19/2017
247,6,Trump Chicago Hotel Member Corp,"New York, NY",Corporation,President/Member,6/28/2010,1/19/2017
248,7,Trump Chicago Managing Member LLC,"New York, NY",LLC,President,10/1/2004,1/19/2017
249,7,Trump Chicago Member LLC,"New York, NY",LLC,President,10/4/2016,1/19/2017
250,7,Trump Chicago Residential Manager LLC,"New York, NY",LLC,President/Chairman/Director,7/8/2010,1/19/2017
251,7,Trump Chicago Residential Member Corp,"New York, NY",Corporation,President/Member,6/28/2010,1/19/2017
252,7,Trump Chicago Retail LLC,"New York, NY",LLC,President,10/16/2012,1/19/2017
253,7,Trump Chicago Retail Manager LLC,"New York, NY",LLC,President/Member,10/23/2012,1/19/2017
254,7,Trump Chicago Retail Member Corp,"New York, NY",Corporation,President/Chairman/Director,10/23/2012,1/19/2017
255,7,Trump Classic Cars LLC,"New York, NY",LLC,President/Member,6/24/2010,10/17/2016
256,7,Trump Classic Cars Member Corp,"New York, NY",Corporation,President/Chairman/Director,6/24/2010,10/17/2016
257,7,Trump Commercial Chicago LLC,"New York, NY",LLC,President,8/29/2007,1/19/2017
260,7,Trump CPS Corp,"New York, NY",Corporation,Director,11/6/1996,1/19/2017
261,7,Trump CPS LLC,"New York, NY",LLC,Member & President,11/6/1996 & 11/16/06,1/19/2017
262,7,Trump Delmonico LLC,"New York, NY",LLC,Member,11/21/2001,1/19/2017
263,7,Trump Development Services LLC,"New York, NY",LLC,President/Member,9/28/2009,1/19/2017
264,7,Trump Development Services Member Corp,"New York, NY",Corporation,President/Director,9/28/2009,1/19/2017
265,7,Trump Drinks Israel Holdings LLC,"New York, NY",LLC,Member/President,5/25/2011,10/26/2015
266,7,Trump Drinks Israel Holdings Member Corp,"New York, NY",Corporation,President/Director/Chairman,5/25/2011,10/22/2015
267,7,Trump Drinks Israel LLC,"New York, NY",LLC,Member/President,5/25/2011,1/19/2017
268,7,Trump Drinks Israel Member Corp,"New York, NY",Corporation,President/Director/Chainnan,5/25/2011,1/19/2017
269,7,Trump Education ULC,"Nova Scotia, Canada",,Chairman/Director,5/28/2009,1/19/2017
270,7,Trump Empire State Inc,"New York, NY",Corporation,President/Treasurer/Director,4/18/1994,1/19/2017
271,7,Trump Endeavor 12 LLC,"New York, NY",LLC,President,10/6/2011,1/19/2017
272,7,Trump Endeavor 12 Manager Corp,"New York, NY",Corporation,President/Director/Chairman,10/6/2011,1/19/2017
273,7,Trump EU Marks LLC,"New York, NY",LLC,Member/President/Secretary/Treasurer,8/4/2011,1/19/2017
274,7,Trump EU Marks Member Corp,"New York, NY",Corporation,President/Director/Chairman,8/4/2011,1/19/2017
275,7,Trump Entrepreneur Initiative LLC (f/k/a Trump University CA LLC),"New York, NY",LLC,Member,5/14/2009,1/19/2017
276,7,Trump Ferry Point LLC,"New York, NY",LLC,President/Member,6/4/2010,1/19/2017
277,7,Trump Ferry Point Member Corp,"New York, NY",Corporation,President/Director/Chairman,6/4/2010,1/19/2017
278,7,Trump Florida Management LLC,"New York, NY",LLC,Member,6/13/2005,1/19/2017
279,7,Trump Florida Manager Corp,"New York, NY",Corporation,Director/President,6/10/2005,1/19/2017
280,7,The Trump Follies LLC,"New York, NY",LLC,Member/President,12/14/2006,1/19/2017
283,7,Trump Golf Acquisition LLC,"New York, NY",LLC,Member/President,4/23/2010,1/19/2017
284,7,Trump Golf Coco Beach LLC,"New York, NY",LLC,Member/President,12/11/2007,1/19/2017
285,7,Trump Golf Coco Beach Member Corp,"New York, NY",Corporation,Director/President,12/11/2007,1/19/2017
286,7,Trump Golf Management LLC,"New York, NY",LLC,Member/President,1/28/2005,1/19/2017
287,7,Trump Home Marks LLC,"New York, NY",LLC,Member/President,11/19/2009,1/19/2017
288,7,Trump Home Marks Member Corp,"New York, NY",Corporation,President/Director,11/19/2009,1/19/2017
289,7,Trump Ice LLC,"New York, NY",LLC,President/Member,3/25/2004,1/19/2017
290,7,Trump Ice Inc,"New York, NY",Corporation,Director/President,3/3/1999,1/19/2017
293,7,Trump International Development LLC,"New York, NY",LLC,Member/President,11/29/2010,1/19/2017
294,7,Trump International Development Member Corp,"New York, NY",Corporation,President/Director/Chairman,11/29/2010,1/19/2017
295,7,Trump International Golf Club LC (Trump International Gold Club - Florida),"Palm Beach, FL",LLC,Member/President,5/3/1997 & 11/1/13,1/19/2017
296,7,Trump International Golf Club Scotland Limited,"Aberdeen, Scotland",Foreign Entity,Director/Chairman,1/24/06 & 3/13/06,1/19/2017
297,7,Trump International Golf Club Inc,"Palm Beach, FL",Corporation,President/Director/Secretary/Treasurer,12/9/1996,1/19/2017
298,7,Trump International Hotel and Tower Condominium,"New York, NY",Condominium Association,President,September-98,1/19/2017
299,7,Trump International Hotel Hawaii LLC,"New York, NY",LLC,President,9/10/2009,1/19/2017
300,8,Trump International Hotels Management LLC,"New York, NY",LLC,President/Member,6/13/2006,1/19/2017
301,8,Trump International Management Corp,"New York, NY",Corporation,President/Director,7/2/1996,1/19/2017
304,8,Trump Korean Projects LLC,"New York, NY",LLC,Member,5/4/1999,1/19/2017
305,8,Trump Las Olas LLC,"New York, NY",LLC,Member,8/10/2005,1/19/2017
306,8,Trump Las Olas Member Corp,"New York, NY",Corporation,Director/President,6/10/2005,1/19/2017
307,8,Trump Las Vegas Corp,"Las Vegas, NV",Corporation,Director/President,12/4/2009,1/19/2017
308,8,Trump Las Vegas Development LLC,"Las Vegas, NV",LLC,President/Member,10/10/2002,1/19/2017
309,8,Trump Las Vegas Managing Member LLC,"Las Vegas, NV",LLC,President/Member,10/10/2002,1/19/2017
312,8,Trump Las Member LLC,"Las Vegas, NV",LLC,President/Member,10/1/2002,1/19/2017
314,8,Trump Las Vegas Sales & Marketing Inc,"Las Vegas, NV",Corporation,President,10/8/2004,1/19/2017
316,8,Trump Lauderdale Development 2 LLC,"New York, NY",LLC,Member,9/8/2004,1/19/2017
317,8,Trump Lauderdale Development LLC,"New York, NY",LLC,President/Member,1/12/04 & 9/22/2003,1/19/2017
318,8,Trump Management Inc,"New York, NY",Corporation,Director/VP,4/22/1969,1/19/2017
319,8,Trump Marketing LLC,"New York, NY",LLC,Member/President,2/10/2011,1/19/2017
320,8,Trump Marks Asia Corp,"New York, NY",Corporation,President/Chairman/Director,3/3/2006,1/19/2017
321,8,Trump Marks Asia LLC,"New York, NY",LLC,President,2/29/2008 11/14/11 & 2/29/06,1/19/2017
322,8,Trump Marks Atlanta LLC,"New York, NY",LLC,Member/President,5/1/2006,1/19/2017
323,8,Trump Marks Atlanta Member Corp,"New York, NY",Corporation,President/Chairman/Director,5/1/2006,1/19/2017
324,8,Trump Marks Baja Corp,"New York, NY",Corporation,President/Director,6/13/2007,10/22/2015
325,8,Trump Marks Baja LLC,"New York, NY",LLC,Member/President,6/13/2007,10/26/2015
326,8,Trump Marks Batumi LLC,"New York, NY",LLC,Member/President,3/3/11 & 3/9/11,1/19/2017
327,8,Trump Marks Batumi Member Corp,"New York, NY",Corporation,President/Director/Chairman,3/9/2011,1/19/2017
328,8,Trump Marks Beverages Corp,"New York, NY",Corporation,President/Director/Chairman,9/25/2007,10/22/2015
329,8,Trump Marks Beverages LLC,"New York, NY",LLC,Member/President,9/25/2007,10/26/2015
330,8,Trump Marks Canouan Corp,"New York, NY",Corporation,President/Director/Chairman,5/17/2007,1/19/2017
331,8,Trump Marks Canouan LLC,"New York, NY",LLC,Member/President,5/17/2007,1/19/2017
332,8,Trump Marks Chicago LLC,"New York, NY",LLC,Member/President,04/14/10,1/19/2017
333,8,Trump Marks Chicago Member Corp,"New York, NY",Corporation,President/Director/Chairman,4/14/2010,1/19/2017
336,8,Trump Marks Dubai Corp,"New York, NY",Corporation,President/Director/Chairman,6/13/2007,1/19/2017
337,8,Trump Marks Dubai LLC,"New York, NY",LLC,President/Member,06/13/07,1/19/2017
338,8,Trump Marks Egypt Corp,"New York, NY",Corporation,President/Director/Chairman,09/17/07,1/19/2017
339,8,Trump Marks Egypt LLC,"New York, NY",LLC,President/Member,09/17/07,1/19/2017
340,8,Trump Marks Fine Foods LLC,"New York, NY",LLC,President/Member,9/11/2009,1/19/2017
341,8,Trump Marks Fine Foods Member Corp,"New York, NY",Corporation,President/Director/Chairman,9/11/2009,1/19/2017
342,8,Trump Marks Ft Lauderdale LLC,"New York, NY",LLC,President/Member,11/6/2007,1/19/2017
343,8,Trump Marks Ft Lauderdale Member Corp,"New York, NY",Corporation,President/Director/Chairman,11/6/2007,1/19/2017
346,8,Trump Marks GP Corp,"New York, NY",Corporation,President/Director/Chairman,7/12/2005,1/19/2017
347,8,Trump Marks Holding LP (FKA Trump Marks LP),"New York, NY",Partnership,Partner,5/25/2005,1/19/2017
348,8,Trump Marks Hollywood Corp,"New York, NY",Corporation,Dlrector/Chairman/President,4/10/2007,1/19/2017
349,8,Trump Marks Hollywood LLC,"New York, NY",LLC,President/Member,4/9/2007,1/19/2017
350,8,Trump Marks Istanbul II Corp,"New York, NY",Corporation,Director/Chairman/President,03/19/08,1/19/2017
351,8,Trump Marks Istanbul II LLC,"New York, NY",LLC,President/Member,03/18/08,1/19/2017
352,8,Trump Marks Jersey Clty Corp,"New York, NY",Corporation,Director/President,6/27/2007,1/19/2017
353,8,Trump Marks Jersey City LLC,"New York, NY",LLC,President/Member,06/22/07,1/19/2017
354,8,Trump Marks Las Vegas Corp,"New York, NY",Corporation,Director/President,09/10/07,1/19/2017
355,8,Trump Marks Las Vegas LLC,"New York, NY",LLC,President/Member,09/10/07,1/19/2017
356,9,Trump Marks LLC,"New York, NY",LLC,President,02/28/05,1/19/2017
357,9,Trump Marks Magazine Corp,"New York, NY",Corporation,Director/President,09/11/07,1/19/2017
358,9,Trump Marks Magazine LLC,"New York, NY",LLC,President/Member,09/11/07,1/19/2017
359,9,Trump Marks Mattress LLC,"New York, NY",LLC,President/Member,8/7/2008,1/19/2017
360,9,Trump Marks Mattress Member Corp,"New York, NY",Corporation,Director/Chairman/President,08/07/08,1/19/2017
361,9,Trump Marks Menswear LLC,"New York, NY",LLC,President/Member,6/24/2009,1/19/2017
362,9,Trump Marks Menswear Member Corp,"New York, NY",Corporation,Director/President,8/24/2009,1/19/2017
363,9,Trump Marks Mortgage Corp,"New York, NY",Corporation,President/Director,6/19/2007,1/19/2017
364,9,Trump Marks Mtg LLC,"New York, NY",LLC,President/Member,8/23/2007,1/19/2017
365,9,Trump Marks Mumbai LLC,"New York, NY",LLC,President/Member,10/11/10,1/19/2017
366,9,Trump Marks Mumbai Member Corp,"New York, NY",Corporation,President/Director/Chairman,10/11/2010,1/19/2017
369,9,Trump Marks New Rochelle Corp,"New York, NY",Corporation,Director/President,6/13/2007,1/19/2017
370,9,Trump Marks New Rochelle LLC,"New York, NY",LLC,President/Member,06/13/07,1/19/2017
371,9,Trump Marks Palm Beach Corp,"New York, NY",Corporation,Director/President,6/12/2007,1/19/2017
372,9,Trump Marks Palm Beach LLC,"New York, NY",LLC,President/Member,6/12/2007,1/19/2017
373,9,Trump Marks Panama Corp,"New York, NY",Corporation,Director/President,4/26/2007,1/19/2017
374,9,Trump Marks Panama LLC,"New York, NY",LLC,President/Member,4/26/2007,1/19/2017
375,9,Trump Marks Philadelphia Corp,"New York, NY",Corporation,Director/President,4/18/2007,1/19/2017
376,9,Trump Marks Philadelphia LLC,"New York, NY",LLC,President/Member,4/18/2007,1/19/2017
377,9,Trump Marks Philippines LLC,"New York, NY",LLC,President/Member,3/3/2008,1/19/2017
378,9,Trump Marks Philippines Corp,"New York, NY",Corp,Director/President,3/3/2008,1/19/2017
379,9,Trump Marks Products LLC,"New York, NY",LLC,President/Member,9/13/2010,1/19/2017
380,9,Trump Marks Products Member Corp,"New York, NY",Corp,President/Director/Chairman,9/13/2010,1/19/2017
381,9,Trump Marks Puerto Rico I LLC,"New York, NY",LLC,President/Member,12/11/2007,1/19/2017
382,9,Trump Marks Puerto Rico I Member Corp,"New York, NY",Corp,Director/President,12/11/2007,1/19/2017
383,9,Trump Marks Puerto Rico II LLC,"New York, NY",LLC,President/Member,7/8/2008,1/19/2017
384,9,Trump Marks Puerto Rico II Member Corp,"New York, NY",Corp,President/Chairman/Director,7/8/2008,11/10/2016
385,9,Trump Marks Punta del Este LLC,"New York, NY",LLC,President/Member,1/5/2012,1/19/2017
386,9,Trump Marks Punta del Este Manager Corp,"New York, NY",Corp,President/Director/Chairman,1/5/2012,1/19/2017
387,9,The Donald J. Trump Company LLC,"New York, NY",LLC,Manager,04/07114,1/19/2017
388,9,The Trump Marks Real Estate Corp,"New York, NY",Corp,Chairman/Director & President,02/23107,1/19/2017
389,9,Trump Marks Real Estate LLC,"New York, NY",LLC,President/Member,8/1/2007,1/19/2017
390,9,Trump Marks SOHO License Corp,"New York, NY",Corp,President/Chairman/Director,6/11/2007,1/19/2017
391,9,Trump Marks SOHO LLC,"New York, NY",LLC,President/Member,6/11/2007,1/19/2017
394,9,Trump Marks Stamford Corp,"New York, NY",Corp,Director/President,6/13/2007,1/19/2017
395,9,Trump Marks Stamford LLC,"New York, NY",LLC,President/Member,6/13/2007,1/19/2017
396,9,Trump Marks Sunny Isles I LLC,"New York, NY",LLC,President/Member,11/6/2007,1/19/2017
397,9,Trump Marks Sunny Isles I Member Corp,"New York, NY",Corp,Director/President,11/6/2007,1/19/2017
398,9,Trump Marks Sunny Isles II LLC,"New York, NY",LLC,President/Member,11/6/2007,1/19/2017
399,9,Trump Marks Sunny Isles II Member Corp,"New York, NY",Corp,Director/President,11/6/2007,1/19/2017
400,9,Trump Marks Tamoa Corp,"New York, NY",Corp,Director/President,10/26/2007,1/19/2017
401,9,Trump Marks Tamoa LLC,"New York, NY",LLC,President/Member,10/26/2007,1/19/2017
402,9,Trump Marks Toronto Corp,"New York, NY",Corp,Director/President,8/9/2007,1/19/2017
403,9,Trump Marks Toronto LLC,"New York, NY",LLC,President/Member,8/9/2007,1/19/2017
404,9,Trump Marks Toronto LP (FormalyTrump Toronto Management LP),"New York, NY",Partnership,Partner,3/19/2008,1/19/2017
405,9,Trump Marks Waikiki Corp,"New York, NY",Corp,Director/President,4/10/2007,1/19/2017
406,10,Trump Marks Waikiki LLC,"New York, NY",LLC,President/Member,4/9/2007,1/19/2017
407,10,Trump Marks Westchester Corp,"New York, NY",Corp,Director/President,6/13/2007,1/19/2017
408,10,Trump Marks Westchester LLC,"New York, NY",LLC,President/Member,6/13/2007,1/19/2017
409,10,Trump Marks White Plains Corp,"New York, NY",Corp,President/Director,6/13/2007,1/19/2017
410,10,Trump Marks White Plains LLC,"New York, NY",LLC,President/Member,6/13/2007,1/19/2017
411,10,Trump Miami Resort Management LLC,"New York, NY",LLC,President/Member,3/22/2012,1/19/2017
412,10,Trump Miami Resort Management Member Corp,"New York, NY",Corp,President/Director/Chairman,3/22/2012,1/19/2017
413,10,Trump Nallonal Golf Club Colts Neck LLC,"New York, NY",LLC,President/Member,7/10/2008,1/19/2017
414,10,Trump National Golf Club Colts Neck Member Corp,"New York, NY",Corp,President/Director/Chairman,7/10/2008,1/19/2017
415,10,Trump National Golf Club LLC (Trump National Golf Club - Westchester),"New York, NY",LLC,President,8/2/2000,1/19/2017
416,10,Trump National Golf Club Member Corp,"New York, NY",Corp,Director/President/Chairman,11/9/2011,1/19/2017
417,10,Trump National Golf Club Washington DC LLC,"New York, NY",LLC,President,2/3/2009,1/19/2017
418,10,Trump National Golf Club Washington DC Member Corp,"New York, NY",Corp,President/Chairman/Director,2/3/2009,1/19/2017
419,10,Trump Ocean Manager Inc,"New York, NY",Corp,President,9/14/2006,11/10/2015
420,10,Tlllmn Ocean Managing Member LLC,"New York, NY",LLC,President,8/31/2006,10/27/2015
421,10,Trump Old Post Office LLC,"New York, NY",LLC,President/Member,6/30/2011,1/19/2017
422,10,Trump Old Post Office Member Corp,"New York, NY",Corp,President/Director/Chainnan,6/30/2011,1/19/2017
423,10,Trump On the Ocean LLC,"New York, NY",LLC,President,9/14/06 & 2/27/2007,10/28/2015
424,10,Trump Organization LLC,"New York, NY",LLC,Chairman and President/Member,"2/1/09 & August, 2000",1/19/2017
425,10,The Trump Organization Inc,"New York, NY",Corporation,Director/President/Chairman,5/1/1981,1/19/2017
426,10,Trump Pageants Inc,"New York, NY",Corporation,Director & Chairman/President,10/16/96 & 5/1/06,1/19/2017
427,10,Trump Palace Condominium,"New York, NY",Condominium Association,President,03/27/91,1/19/2017
428,10,Trump Palace/Parc LLC,"New York, NY",LLC,Member,10/01/96,1/19/2017
429,10,Trump Panama Condominium Management LLC,"New York, NY",LLC,President/Member,12/13/2010,1/19/2017
430,10,Trump Panama Condominium Member Corp,"New York, NY",Corporation,President/Director/Chairman,12/13/2010,1/19/2017
431,10,Trump Panama Hotel Management LLC,"New York, NY",LLC,Member,8/5/2010,1/19/2017
432,10,Trump Panama Hotel Management Member Corp,"New York, NY",Corporation,President/Director/Chairman,08/05/10,1/19/2017
433,10,Trump Parc East Condominium,"New York, NY",Condominium Association,President,04/30/98,1/19/2017
434,10,Trump Park Avenue Acquisition LLC,"New York, NY",LLC,Member/President,Nov. 2004,1/19/2017
435,10,Trump Park Avenue LLC,"New York, NY",LLC,President,1/31/2002,1/19/2017
436,10,Trump Payroll Chicago LLC,"New York, NY",LLC,President,8/29/2007,1/19/2017
437,10,Trump Payroll Corp,"New York, NY",Corporation,President/Treasurer/Secretary/Director,04/16/96,1/19/2017
438,10,Trump Phoenix Development LLC,"New York, NY",LLC,President/Member,8/28/2003,1/19/2017
439,10,Trump Plaza LLC,"New York, NY",LLC,Member,10/27/1997,1/19/2017
440,10,Trump Plaza Member Inc (F/K/A Trump Plaza Corp),"New York, NY",Corporation,Director/President/Treasurer,8/2/2004,1/19/2017
442,10,Trump Productions LLC (former Rancho Lien LLC),"New York, NY",LLC,Member/President,5/18/2006,1/19/2017
443,10,Trump Production Managing Member Inc,"New York, NY",Corporation,Director/Chairman/President/Treasurer/Secretary,5/18/2006,1/19/2017
444,10,Trump Project Management Corp,"New York, NY",Corporation,President,4/16/1996,11/10/2016
446,10,Trump Realty Services LLC (f/k/a Trump Mortgage Services LLC (03) & Tower Mortgage Services LLC),"Palm Beach, FL",LLC,President/Member,5/9/2000,1/19/2017
447,10,Trump Restaurants LLC,"New York, NY",LLC,President/Member,07/31/12,1/19/2017
449,10,Trump Riverside Management LLC,"New York, NY",LLC,Member,9/26/2000,1/19/2017
450,10,Trump Ruffin Commercial LLC,"New York, NY",LLC,President,7/25/2007,1/19/2017
451,10,Trump Ruffin LLC,"Las Vegas, NV",LLC,President,10/22/2002,1/19/2017
452,10,Trump Ruffin Tower 1 LLC,"Las Vegas, NV",LLC,President & Director,4/8/2005 & 7/12/05,1/19/2017
453,10,Trump Sales & Leasing Chicago LLC,"Chicago, IL",LLC,Member/President,10/20/09 & 10/21/09,1/19/2017
454,11,Trump Sales & Leasing Chicago Member Corp,"Chicago, IL",Corporation,Member/Director/President,10/20/09 & 10/21/09 & 10/21/09,1/19/2017
455,11,Trump Scotland Member Inc,"Aberdeen, Scotland",Corporation,Director/President/Chalnman,3/1/2006,1/19/2017
456,11,Trump Scotsborough Square LLC,"Scotsborough Sq., VA",LLC,President,7/7/2011,1/19/2017
457,11,Trump Scotsborough Square Member Corp,"Scotsborough Sq., VA",Corporation,President/Chairman/Director,7/7/2011,1/19/2017
458,11,Trump SoHo Hotel Condominium New York,"New York, NY",Condominium Association,Member of the Board,6/3/2007,1/19/2017
459,11,Trump SoHo Member LLC,"New York, NY",LLC,Member/President,04/24/06,1/19/2017
460,11,Trump Toronto Development Inc,"New York, NY",Corporation,President/Director/Secretary,4/2/2003,1/19/2017
461,11,Trump Toronto Hotel Management Corp,"Toronto, CA",Corporation,President,5/30/2008,1/19/2017
462,11,Trump Toronto Member Corp (formally Trump Toronto Management Member Corp,"New York, NY",Corporation,Director/Chairman,03/19/08,1/19/2017
463,11,Trump Tower Commercial LLC,"New York, NY",LLC,President,12/22/1997,1/19/2017
464,11,Trump Tower Condominium Residential Section,"New York, NY",Condominium Association,President,3/23/1983,1/19/2017
465,11,Trump Tower Managing Member Inc,"New York, NY",Corporation,President,12/22/1997,1/19/2017
466,11,Trump Village Construction Corp,"New York, NY",Corporation,Director Vice President,8/1/1969,1/19/2017
467,11,Trump Vineyard Estates LLC,"New York, NY",LLC,President,3/18/2011,1/19/2017
468,11,Trump Vineyard Estates Manager Corp,"New York, NY",Corporation,President/Director/Chairman,3/18/2011,1/19/2017
469,11,Trump Vineyard Estates Lot 3 Owner LLC (fka Eric Trump Land Holdings LLC),"New York, NY",LLC,President,8/15/2011,1/19/2017
470,11,Trump Vineyard Estates Manager Corp,"New York, NY",Corporation,President/Director/Chairman,3/18/2011,1/19/2017
471,11,Trump Virginia Acquisitions LLC (fka Virginia Acquisitions LLC),"New York, NY",LLC,Member/President,3/14/11 & 1/25/11,1/19/2017
472,11,Trump Virginia Acquisitions Manger Corp,"New York, NY",Corporation,President/Director/Chairman,3/15/2011,1/19/2017
473,11,Trump Virginia Lot 5 LLC,"New York, NY",LLC,President,6/26/2011,1/19/2017
474,11,Trump Virginia Lot 5 Manager Corp,"New York, NY",Corporation,President/Director/Chairman,6/26/2011,1/19/2017
475,11,Trump Wine Marks LLC,"New York, NY",LLC,President/Secretary/Treasurer,6/21/2011,1/19/2017
476,11,Trump Wine Marks Member Corp,"New York, NY",Corporation,Director & Chalnman/President,6/21/11 & 6/21/08,1/19/2017
477,11,Trump World Productions LLC,"New York, NY",LLC,Member/President,9/29/11,1/19/2017
478,11,Trump World Productions Manager Corp,"New York, NY",Corporation,Director/Chairman/President,9/29/11,1/19/2017
479,11,Trump World Publications LLC,"New York, NY",LLC,Member/President,9/29/11,1/19/2017
480,11,Trump/New World Property Management LLC,"New York, NY",LLC,President,11/22/2000,1/19/2017
481,11,Trump's Castle Management Corp,"Atlantic City, NJ",Corporation,President,3/24/1992,1/19/2017
482,11,Trump Marks White Plains Corp,"New York, NY",Corporation,President/Director,6/13/2007,1/19/2017
484,11,Turnberry Scotland Managining Member Corp,"Turnberry, Scotland",Corporation,Director/Chairman/President,4/9/2014,1/19/2017
485,11,Turnberry Scotland LLC,"Turnberry, Scotland",LLC,President,4/9/2014,1/19/2017
486,11,TW Venture I LLC,"Palm Beach, Florida",LLC,President,11/19/2013,1/19/2017
487,11,TW Venture II LLC,"Doonberg, Ireland",LLC,President,1/31/2014,1/19/2017
488,11,TW Venture I Managing Member Corp,"Palm Beach, Florida",Corporation,President/Director/Chairman,11/19/2013,1/19/2017
489,11,TW Venture II Managing Member Corp,"Doonberg, Ireland",Corporation,President/Director/Chairman,1/31/14,1/19/2017
490,11,Ultimate Air Corp,"New York, NY",Corporation,President/Treasurer/Secretary/Director,4/16/96 & 12/9/1993 ,1/19/2017
491,11,Unit 2502 Enterprises Corp,"Chicago, IL",Corporation,President/Director,7//21/08,1/19/2017
492,11,Unit 2502 Enterprises LLC,"Chicago, IL",LLC,Member/President,7/16/08 &7/16/08,1/19/2017
493,11,VH Property Corp (Trump National Golf Club - Los Angeles),"Los Angeles, CA",Corporation,Secretary/President/Director,9/22/00 &12/2/02 11/26/02 & 11/25/02,1/19/2017
494,11,VHPS LLC,"Los Angeles, CA",LLC,President/Member,5/28/08 & 12/01/04,1/19/2017
495,11,West Palm Operations LLC,"WPB, Florida",LLC,Member/President,5/27/10 & 9/1/10,1/19/2017
496,11,Wexford Hall Inc,"New York, NY",Corporation,Director/Vice President,6/1/1969,1/19/2017
497,11,White Course LLC,"Miami, Florida",LLC,President,3/20/2012,1/19/2017
498,11,White Course Managing Member Corp,"Miami, Florida",Corporation,Director/Chairman/President,3/20/2012,1/19/2017
499,11,Wilshire Hall LLC,"New York, NY",LLC,Member,11/22/1995,1/19/2017
500,11,Wollman Rink Operations LLC,"New York, NY",LLC,Member/President,9/24/01 & 11/1/01,1/19/2017
501,12,Yorktown Real Estate LLC (F/K/A Yorktown Development Associates LLC),"New York, NY",LLC,Member/President,8/30/1997,1/19/2017
502,12,"The Fred C Trump December 16, 1976 Trust- F/B/O Donald J Trump","New York, NY",Trust,Trustee,December-76,1/19/2017
504,12,"The Fred C Trump December 16, 1976 Trust- F/B/O Robert S Trump","New York, NY",Trust,Trustee,December-76,1/19/2017
505,12,"The Fred C Trump December 16, 1976 Trust- F/B/O Elizabeth J Trump","New York, NY",Trust,Trustee,December-76,1/19/2017
509,12,"Fred C Trump, GRAT Trust- F/B/O Elizabeth Trump Grau","New York, NY",Trust,Trustee,November-97,1/19/2017
510,12,Trust U/W/O Fred C Trump- F/B/O Elizabeth Trump Grau,"New York, NY",Trust,Trustee,4/1/2016,1/19/2017
511,12,Maryanne Trump GRAT Trust- F/B/O Elizabeth Trump Grau,"New York, NY",Trust,Trustee,November-97,1/19/2017
512,12,Trust U/W/O Fred C Trump- F/B/Othe grandchildren of Fred C Trump,"New York, NY",Trust,Trustee,4/1/2016,1/19/2017
514,12,The Donald J Trump grantor Trust - DJT is the Trustee Successor - Trustee is Donald J Trump Jr,"New York, NY",Trust,Trustee,November-97,1/19/2017
515,12,The Donald J Trump Revocable Trust,"New York, NY",Trust,Trustee,April-14,12/31/2016
516,12,The Police Athletic League Inc,"New York, NY",Non Profit,Member of the Board,July-86,1/19/2017
517,12,DT Bali Golf Manager LLC,"New York, NY",LLC,President,6/23/2015,1/19/2017
518,12,DT Bali Golf Manager Member Corp,"New York, NY",Corporation,Director/Chairman/President,6/23/2015,1/19/2017
519,12,DT Bali Hotel Manager LLC,"New York, NY",LLC,President,6/23/2015,1/19/2017
520,12,DT Bali Hotel Manager Member Corp,"New York, NY",Corporation,Director/Chairman/President,6/23/2015,1/19/2017
521,12,DT Bali Technical Services Manager LLC ,"New York, NY",LLC,Member/President,6/23/2015,1/19/2017
522,12,DT Bali Technical Services Manaaer Member Corp,"New York, NY",Corporation,Director/Chairman/President,6/23/2015,1/19/2017
523,12,DT Connect Europe Limited,"Turnberry, Scotland",Foreign Entity,Director,2/13/2015,1/19/2017
524,12,DT Endeavor I LLC,"New York, NY",LLC,President,1/4/2016,1/19/2017
525,12,DT Endeavor I Member Corp,"New York, NY",Corporation,Director/Chairman/President,1/4/2016,1/19/2017
526,12,DT Jeddah Technical Services Advisor LLC,"New York, NY",LLC,Member/President,8/21/2015,10/26/2015
527,12,DT Jeddah Technical Services Advisor Member Corp,"New York, NY",Corporation,Director/Chairman/President,8/21/2015,10/22/2016
528,12,DT Jeddah Technical Services Manaaer LLC,"New York, NY",LLC,Member/President,8/31/2015,11/15/2016
529,12,DT Jeddah Technical Services Manaaer Member Corp,"New York, NY",Corporation,Director/Chairman/President,8/31/2015,11/15/2016
530,12,DT Lido Golf Manager LLC,"New York, NY",LLC,President,6/23/2015,1/19/2017
531,12,DT Lido Golf Manager Member Corp,"New York, NY",Corporation,Director/Chairman/President,6/23/2015,1/19/2017
532,12,DT Lido Hotel Manager LLC,"New York, NY",LLC,President,06/23/15,1/19/2017
533,12,DT Lido Hotel Manager Member Corp,"New York, NY",Corporation,Director/Chairman/President,6123115,1/19/2017
534,12,DT Lido Technical Services Manager LLC,"New York, NY",LLC,Member/President,08/23/15,1/19/2017
535,12,DT Lido Technical Services Manager Member Corp,"New York, NY",Corporation,Director/Chairman/President,06/23/15,1/19/2017
536,12,DT Marks Bali LLC,"New York, NY",LLC,Member/President,6/23/2015,1/19/2017
537,12,DT Marks Ball Member Corp,"New York, NY",Corporation,Director/Chairman/President,06/23/15,1/19/2017
538,12,DT Marks Lido LLC ,"New York, NY",LLC,Member/President,6123115,1/19/2017
539,12,DT Marks Lido Member Corp,"New York, NY",Corporation,Director/Chairman/President,06/23/15,1/19/2017
540,12,DT Tower I LLC,"New York, NY",LLC,Member/President,1/4/2016,1/19/2017
541,12,DT Tower I Member Corp,"New York, NY",Corporation,Director/Chairman/President,01/04/16,1/19/2017
542,12,DT Tewer II LLC,"New York, NY",LLC,President,1/4/2016,1/19/2017
543,12,DT Tower II Member Corp,"New York, NY",Corporation,Director/Chairman/President,1/4/2016,1/19/2017
544,12,DT Tower Kolkata LLC,"New York, NY",LLC,Member/President,11/25/15,1/19/2017
545,12,DT Tower Kolkata Managing Member Corp,"New York, NY",Corporation,Director/Chairman/President,11125115,1/19/2017
546,12,DT Venture I LLC,"New York, NY",LLC,President,1/4/2016,1/19/2017
547,12,DT Venture I Member Corp,"New York, NY",Corporation,Director/Chairman/President,1/4/2016,1/19/2017
548,12,DT Venture II LLC,"New York, NY",LLC,Member/President,1/4/2016,1/19/2017
549,12,DT Venture II Member Corp,"New York, NY",Corporation,Director/Chairman/President,1/4/2016,1/19/2017
550,12,DTTM Operations LLC,"New York, NY",LLC,Member/President,01/15/16,1/19/2017
551,13,DTTM Operations Managing Member,"New York, NY",Corporation,Director/Chairman/President,01/15/16,To Date
552,13,EID Venture II LLC,"New York, NY",LLC,Member/President,01/04/16,To Date
553,13,EID Venture II Member Corp,"New York, NY",Corporation,Director/Chairman/President,01/04/16,To Date
554,13,Mobile Payroll Construction LLC,"New York, NY",LLC,Member/President,6/4/2015,To Date
555,13,Mobile Payroll  Construction Manager Corp,"New York, NY",Corporation,Director/Chairman/President,06/04/15,To Date
556,13,THC DC Restsurent Hospitality LLC,"New York, NY",LLC,President,8/17/2015,To Date
557,13,THC Jeddeh Hotel Advisor LLC,"New York, NY",LLC,Member/President,6/21/2015,10/26/15
558,13,THC Jeddah Hotel Advisor Member Corp,"New York, NY",Corporation,Director/Chairman/President,8121115,10/22/15
559,13,THC Joddah Hotel Manager LLC,"New York, NY",LLC,Member/President,08/31/15,To Date
560,13,THC Jeddah Hotel Manager Member Corp,"New York, NY",Corporation,Director/Chairman/President,8/31/2015,To Date
561,13,C Development Ventures LLC,"New York, NY",LLC,President/Member,4/6/2016,To Date
562,13,C Development Ventures Memeber Corp,"New York, NY",Corporation,President/Director/Chairman,4/6/2016,To Date
563,13,TC Marks Buenos Aires LLC,"New York, NY",LLC,President/Member,04/20/16,To Date
564,13,WMTMF LLC,"New York, NY",LLC,President/Secretary/Treasurer/Managing Member,09/24/15,To Date
565,13,Lamington Farm Club LLC (TRUMP NATIONAL GOLF CLUB - BEDMINSTER),"Bedminster, NJ ",LLC,President,2/11/2000,1/19/2017